/*
SQLyog Professional v12.08 (64 bit)
MySQL - 5.6.24 : Database - gomovie
*********************************************************************
*/

/*!40101 SET NAMES utf8 */;

/*!40101 SET SQL_MODE=''*/;

/*!40014 SET @OLD_UNIQUE_CHECKS=@@UNIQUE_CHECKS, UNIQUE_CHECKS=0 */;
/*!40014 SET @OLD_FOREIGN_KEY_CHECKS=@@FOREIGN_KEY_CHECKS, FOREIGN_KEY_CHECKS=0 */;
/*!40101 SET @OLD_SQL_MODE=@@SQL_MODE, SQL_MODE='NO_AUTO_VALUE_ON_ZERO' */;
/*!40111 SET @OLD_SQL_NOTES=@@SQL_NOTES, SQL_NOTES=0 */;
CREATE DATABASE /*!32312 IF NOT EXISTS*/`gomovie` /*!40100 DEFAULT CHARACTER SET utf8 */;

USE `gomovie`;

/*Table structure for table `movie` */

DROP TABLE IF EXISTS `movie`;

CREATE TABLE `movie` (
  `id` int(11) NOT NULL AUTO_INCREMENT,
  `moviename` varchar(50) DEFAULT NULL,
  `movieicon` varchar(100) DEFAULT NULL,
  `date` date DEFAULT NULL,
  `type` char(50) DEFAULT NULL,
  `director` varchar(50) DEFAULT NULL,
  `actors` varchar(100) DEFAULT NULL,
  `desc` varchar(500) DEFAULT NULL,
  `isshow` varchar(50) DEFAULT NULL,
  PRIMARY KEY (`id`)
) ENGINE=InnoDB AUTO_INCREMENT=24 DEFAULT CHARSET=utf8;

/*Data for the table `movie` */

insert  into `movie`(`id`,`moviename`,`movieicon`,`date`,`type`,`director`,`actors`,`desc`,`isshow`) values (1,'速度与激情1','images/speed1.jpg','2001-06-22','动作，犯罪，惊悚','罗伯·科恩','保罗·沃克（已故），范·迪塞尔','洛杉矶的年轻人都热衷于街头赛车，在这里，只要你拥有速度，你就拥有一切。新晋警官布赖恩（保罗·沃克饰）为了破获最近屡屡发生的飞车党劫车案而充当卧底，打入这里活跃的飞车党帮派中，搜集证据以期将罪犯绳之于法。布赖恩凭借高超的车技很快赢得了飞车党老大多米尼克（范·迪塞尔饰）的欣赏和信任，并且很快和多米尼克的妹妹米亚（乔丹娜·布鲁斯特饰）堕入爱河。然而飞车党的第二把手文斯却是对布赖恩充满敌意，原来文斯一直暗恋米亚，而且布赖恩的到来威胁着他二把手的地位。这时，飞车党的党员们开始怀疑他们内部藏有奸细，布赖恩的日子开始不好过。而且和多米尼克接触越久，他们之间的友谊就越加深厚，布赖恩开始进退两难。','yes'),(2,'速度与激情2：飙风再起','images/speed2.jpg','2003-06-03','动作，犯罪，惊悚','约翰·辛格顿','保罗·沃克（已故），伊娃·门德斯 ','《速度与激情2：飙风再起》是2003年上映的一部影片，该影片由约翰·辛格顿执导，主要演员有保罗·沃克、泰瑞斯·吉布森、伊娃·门德斯等。该片讲述了，迈阿密狡猾的商人卡特利用自己的贸易公司做幌子，暗中进行着国际洗钱活动。虽然FBI对他监视已久，但是卡特平日十分小心谨慎，几乎与世隔绝，所以一直没找到他的犯罪证据。FBI获悉了卡特十分喜欢地下赛车，是当地飞车党的头目。为了获得他的犯罪证据，只好找上一集中成功破获洛山矶飞车党劫车案的布赖恩重新出山。','yes'),(3,'速度与激情3：东京漂移','images/speed3.jpg','2006-06-16','犯罪/动作/爱情','林诣彬','卢卡斯·布莱克，布莱恩·泰','该片讲述了街头赛车手肖恩被送往东京，在东京喧闹的街头，遇到号称“漂移之王”的DK，一名与日本犯罪集团有紧密联系的青年车手。为了补偿自己的过失，不得不在为自己赌上一次，这一次比赛的方式就是漂移，而赌注就是自己的生命。','yes'),(4,'速度与激情4：赛车风云','images/speed4.jpg','2009-04-15','剧情，动作，惊悚，犯罪','林诣彬','范·迪塞尔，保罗·沃克','《赛车风云》（Fast&Furious ，又名《速度与激情4》），由林诣彬执导，范·迪塞尔、保罗·沃克、米歇尔·罗德里格兹、乔丹娜·布鲁斯特主演，于2009年4月15日起在内地各大院线上映。电影讲述了在一个线人的帮助下，布莱恩和多米尼克联手打入一个贩毒组织的内部，要将其头目布拉盖绳之以法。','yes'),(5,'速度与激情5','images/speed5.jpg','2011-04-29','剧情，动作，惊悚，犯罪','林诣彬','范·迪塞尔，保罗·沃克','影片讲述了多米尼克和布莱恩在阔别了两年的赛车生涯后，为获得彻底自由，决定卷土重来，在里约干最后一票。剧情设置于第四部之后，第三部之前。','yes'),(6,'速度与激情6 ','images/speed6.jpg','2013-05-24','动作 ，犯罪 ，剧情','林诣彬','范·迪塞尔，保罗·沃克','剧情讲述了多米尼克在率领伙伴大干一票收获1亿美金之后过得逍遥快活，但他们因犯罪纪录而无法回到自己的国家。此时霍布斯正在缉拿一个在12个国家流窜作案的雇佣兵犯罪集团，他招募多米尼克团伙与雇佣兵集团在伦敦上演飙车决战，而他想无论两方胜负如何其罪行都将被一笔勾销的故事。','yes'),(7,'速度与激情7','images/speed7.jpg','2015-04-03','动作 ，犯罪 ，剧情','温子仁','范·迪塞尔，保罗·沃克','影片剧情将在多米尼克的团队和大反派德卡特·肖之间展开，讲述德卡特·肖为其弟报仇的故事。','yes'),(8,'速度与激情8','images/speed8.jpg','2017-04-14','剧情，动作，惊悚，犯罪','F·加里·格雷','范·迪塞尔，道恩·强森','该片讲述了神秘冷艳的黑科技高手赛弗的出现，导致多米尼克心里叛变，直接使整个飞车家族陷入危险境地的故事。','yes'),(9,'哈利·波特与魔法石','images/harry1.jpg','2001-11-04','冒险','克里斯·哥伦布','丹尼尔·雷德克里夫，艾玛·沃特森','电影讲述从小父母双亡的小男孩哈利·波特是魔法师的后代。他的父母都被一个魔法界的坏巫师所杀，然而当坏巫师也企图杀死哈利波特时却被一种巨大的力量给阻止，哈利波特因此得以幸存。之后他与阿姨一家人同住，而且被送往魔法师学校就读，发生许多有趣又不可思议的经历。','yes'),(10,'哈利·波特与密室','images/harry2.jpg','2002-11-15','冒险','克里斯·哥伦布','丹尼尔·雷德克里夫，艾玛·沃特森','影片讲述哈利·波特才刚要展开他在魔法世界中第二年的惊奇旅程，就碰上了飞车，殴人树浑拼柳和来自神秘家庭小精灵多比的警告。这一年在霍格沃茨魔法学校，不仅有会说话的蜘蛛和会尖声大叫的咆哮信，同时哈利也因为具备与蛇类说话的能力而遭到所有人的质疑。','yes'),(11,'哈利·波特与阿兹卡班的囚徒','images/harry3.jpg','2004-05-31','冒险','克里斯·哥伦布','丹尼尔·雷德克里夫，艾玛·沃特森','影片讲述了哈利·波特在霍格沃茨学校已经是第三年了，奇遇发生在一场车祸之后。哈利·波特听说了一个叫小天狼星的前巫师，因为某种原因被关押在阿兹卡班。让哈利·波特感到意外的是，小色天狼星居然越狱出来找他。','yes'),(12,'哈利·波特与火焰杯','images/harry4.jpg','2005-11-18','冒险','迈克·纽维','丹尼尔·雷德克里夫，艾玛·沃特森','电影讲述了伤疤的剧痛让哈利从梦中惊醒，梦中的一场谋杀案就发生在这个世界的另一个角落。魁地奇世界杯上魔杖的失踪、天空中的黑魔标记、三强争霸赛的奇怪入选还有魔法部官员的神秘失踪，这种种事件的背后似乎有一个天大的阴谋。当哈利赢得胜利，手握三强争霸赛的奖杯的时候，他被传送到了黑魔头的身边，消失了13年的黑魔头正准备复活。','yes'),(13,'哈利·波特与凤凰社','images/harry5.jpg','2007-07-11','冒险','大卫·叶茨','丹尼尔·雷德克里夫，艾玛·沃特森','影片讲述哈利·波特即将成为霍格沃茨五年级的学生时，他的生活变得更困难重重，其中最大的威胁依然来自他永远的敌人伏地魔。哈利、罗恩和赫敏以邓布利多军的名义私下学习黑魔法防御术，在食死徒到来之时能加入战斗。','yes'),(14,'哈利·波特与混血王子','images/harry6.jpg','2009-07-15','冒险','大卫·叶茨','丹尼尔·雷德克里夫，艾玛·沃特森','电影讲述哈利·波特得到一本曾经属于神秘的混血王子的魔药书，借助于混血王子在书上做的注释在魔药课实验上大获成功。但随着课程的深入，这些注释上的咒语也越来越黑暗。同时伏地魔想方设法想要摧毁哈利的世界，而年轻人也经受着青春期荷尔蒙躁动的困扰。','yes'),(15,'哈利·波特与死亡圣器（上）','images/harry7.jpg','2010-11-19','冒险','大卫·叶茨','丹尼尔·雷德克里夫，艾玛·沃特森','电影故事由哈利、罗恩与赫敏接受危险任务作为开始，他们需要追踪和寻找到伏地魔的秘密，并摧毁他。魔法的世界已经被黑暗势力所笼罩，伏地魔甚至占领了霍格沃茨，把一切有危险的异端都抓起来进行威胁而哈利的 ','yes'),(16,'哈利·波特与死亡圣器（上）','images/harry8.jpg','2011-08-04','冒险','大卫·叶茨','丹尼尔·雷德克里夫，艾玛·沃特森','电影讲述哈利、罗恩和赫敏展开寻找并摧毁伏地魔永生不灭的神秘根源——分灵体的危险旅程。伏地魔的食死人夺取了魔法部、甚至是霍格瓦茨的控制权。哈利唯一的希望是在伏地魔找到他之前找出所有魂器，当他在寻找线索时，揭开了一个古老得差点被人遗忘的传说：传奇的死亡圣器。','yes'),(17,'西游记女儿国','images/xiyouji.jpg','2018-02-16','喜剧，爱情，奇幻','郑保瑞','郭富城，冯绍峰，赵丽颖，小沈阳','唐僧师徒途经忘川河，因激怒河神而误入西梁女界。闯入其中，众人才发现这个国家只有女性，并且建国以来此地就没来过男性。而且国中立有祖训，将男人视为天敌。典籍中更有预言，指明有朝一日，会有东土而来的僧人带着一只猴子、一头猪和一个小蓝人闯入其中。他们到来之日，便是女儿国走向毁灭之时。','no'),(18,'神奇动物在哪里2','images/shenqidongwu.jpg','2018-11-16','动作，科幻，奇幻','大卫·叶茨','埃迪·雷德梅恩，约翰尼·德普，佐伊·克拉维兹，裘德·洛','《哈利·波特》系列衍生电影《神奇动物在哪里》将于今夏在伦敦开拍。目前影片已经确定由J·K·罗琳担任编剧，大卫·叶茨执导，而演员还尚未就位。近日英国媒体报道，“神秘博士”马特·史密斯有意饰演该片男主角。','no'),(19,'捉妖记3','images/zhuoyaoji.jpg','2018-12-15','喜剧，奇幻，冒险','许诚毅','白百何，井柏然','电影《捉妖记》三部曲第一部是在2015年上映，第二部计划于2018年上映，那第三部是要在2021年上映，三年一约的节奏嘛！','no'),(20,'狄仁杰之四大天王','images/direnjie.jpg','2018-02-16','古装,动作,悬疑,剧情','徐克','赵又廷，冯绍峰，林更新，刘嘉玲 ','2013年《狄仁杰之神都龙王》延续品牌神话之后，万众瞩目的“狄仁杰”系列第三部首露峥嵘，《狄仁杰之四大天王》徐克再度联手陈国富监制、施南生监制，黄金组合一同描绘大唐面临的惊世巨变，而这次又会有哪些重量级演员加盟出演，成就年度最不容错过的精彩巨制之一，同样也称为大家关注的焦点之一。徐克导演在发布会现场也半开玩笑地说：“继续制造惊喜，快点开机！”惹得现场笑声一片。','no'),(21,'移动迷宫3：死亡解药','images/yidongmigong.jpg','2018-01-12','动作，惊悚，科幻，恐怖','韦斯·波尔','迪伦·奥布莱恩，卡雅·斯考达里奥','实验室，WICKED宣称他们已经获得足够的数据，要帮所有实验者拿掉脑子里面的东西，也告诉斗士们大家都是有抗体的，只有纽特没有，所以他会死，但托马斯、米诺、纽特等人不打算恢复记忆，于是就被WICKED关起来而WICKED开始解剖那些愿意恢复记忆的人，治疗需要脑子，托马斯等人发现不对劲，于是逃了出去，和在焦土带认识的朋友一起逃亡......','no'),(22,'闪电侠','images/shandianxia.jpg','2018-03-23','动作，科幻，剧情，奇幻','戴维·纳特','埃兹拉·米勒，科雷西·克莱门斯，比利·克鲁德普 ','闪电侠是DC漫画公司旗下的超级英雄，正义联盟成员之一，1940年1月于《闪电侠》创刊号上首次登场。初代闪电侠是大学生杰伊·加里克（Jay Garrick），他通过吸入硬水水汽而得到极速的反射和运动速度。第二代闪电侠是警队的科学家巴里·艾伦（Barry Allen），他被闪电劈中药品架后各种药物混合起来浇了一身，获得了超级速度，是最快的闪电侠。第三代闪电侠沃利·韦斯特（Wally West）是第二代闪电侠巴里的外甥，获得超能力的方式和巴里一样。第四代闪电侠巴特·艾伦（Bart Allen）是第二代闪电侠巴里的孙子，他的能力来自继承。','no');

/*Table structure for table `seat` */

DROP TABLE IF EXISTS `seat`;

CREATE TABLE `seat` (
  `id` int(11) NOT NULL AUTO_INCREMENT,
  `seatx` int(11) DEFAULT NULL,
  `seaty` int(11) DEFAULT NULL,
  `room` int(11) DEFAULT NULL,
  `address` varchar(200) DEFAULT NULL,
  `movieid` int(11) DEFAULT NULL,
  `isxd` varchar(50) DEFAULT NULL,
  `userid` int(11) DEFAULT NULL,
  PRIMARY KEY (`id`)
) ENGINE=InnoDB AUTO_INCREMENT=63 DEFAULT CHARSET=utf8;

/*Data for the table `seat` */

insert  into `seat`(`id`,`seatx`,`seaty`,`room`,`address`,`movieid`,`isxd`,`userid`) values (9,3,5,1,'丰台区万达影院',1,'yes',1),(10,4,7,1,'丰台区万达影院',1,'yes',1),(11,6,8,1,'丰台区万达影院',1,'yes',1),(12,4,5,1,'丰台区万达影院',1,'yes',1),(46,7,10,2,'丰台区万达影院',2,'yes',1),(47,6,13,2,'丰台区万达影院',2,'yes',1),(48,9,12,1,'丰台区万达影院',1,'yes',1),(49,3,14,4,'丰台区万达影院',6,'yes',1),(50,4,8,2,'丰台区万达影院',2,'yes',1),(52,6,9,6,'丰台区万达影院',4,'yes',1),(53,9,8,2,'丰台区万达影院',2,'yes',1),(56,5,9,2,'丰台区万达影院',2,'yes',1),(57,5,10,2,'丰台区万达影院',2,'yes',1),(58,4,9,2,'丰台区万达影院',2,'yes',1),(59,4,9,2,'丰台区万达影院',2,'yes',1),(60,5,7,1,'丰台区万达影院',1,'yes',1),(61,5,6,1,'丰台区万达影院',1,'yes',1),(62,5,8,1,'丰台区万达影院',1,'yes',1);

/*Table structure for table `showmovie` */

DROP TABLE IF EXISTS `showmovie`;

CREATE TABLE `showmovie` (
  `id` int(11) NOT NULL AUTO_INCREMENT,
  `showdate` timestamp NOT NULL DEFAULT CURRENT_TIMESTAMP ON UPDATE CURRENT_TIMESTAMP,
  `movieid` int(11) DEFAULT NULL,
  `showaddress` varchar(200) DEFAULT NULL,
  `room` int(11) DEFAULT NULL,
  PRIMARY KEY (`id`)
) ENGINE=InnoDB AUTO_INCREMENT=65 DEFAULT CHARSET=utf8;

/*Data for the table `showmovie` */

insert  into `showmovie`(`id`,`showdate`,`movieid`,`showaddress`,`room`) values (1,'2017-04-20 18:40:09',1,'丰台区万达影院',1),(2,'2017-04-22 18:41:43',1,'丰台区万达影院',1),(3,'2017-04-20 21:42:38',1,'丰台区万达影院',1),(4,'2017-04-20 22:42:48',1,'丰台区万达影院',1),(5,'2017-04-21 18:42:58',2,'丰台区万达影院',2),(6,'2017-04-21 20:43:02',2,'丰台区万达影院',2),(7,'2017-04-21 21:43:09',2,'丰台区万达影院',2),(8,'2017-04-21 22:43:15',2,'丰台区万达影院',2),(9,'2017-04-22 18:43:23',3,'丰台区万达影院',3),(10,'2017-04-22 20:43:26',3,'丰台区万达影院',3),(11,'2017-04-22 21:43:31',3,'丰台区万达影院',3),(12,'2017-04-22 22:43:37',3,'丰台区万达影院',3),(13,'2017-05-13 03:26:20',4,'丰台区万达影院',4),(14,'2017-05-13 03:26:21',4,'丰台区万达影院',4),(15,'2017-05-13 03:27:42',4,'丰台区万达影院',4),(16,'2017-05-13 03:27:56',4,'丰台区万达影院',4),(17,'2017-05-13 03:28:01',5,'丰台区万达影院',5),(18,'2017-05-13 03:28:13',5,'丰台区万达影院',5),(19,'2017-05-13 03:28:16',5,'丰台区万达影院',5),(20,'2017-05-13 03:28:18',5,'丰台区万达影院',5),(21,'2017-05-13 03:28:33',6,'丰台区万达影院',6),(22,'2017-05-13 03:28:39',6,'丰台区万达影院',6),(23,'2017-05-13 03:26:35',6,'丰台区万达影院',6),(24,'2017-05-13 03:26:37',6,'丰台区万达影院',6),(25,'2017-05-13 03:26:38',7,'丰台区万达影院',7),(26,'2017-05-13 03:26:40',7,'丰台区万达影院',7),(27,'2017-05-13 03:26:41',7,'丰台区万达影院',7),(28,'2017-05-13 03:26:42',7,'丰台区万达影院',7),(29,'2017-05-13 03:26:42',8,'丰台区万达影院',8),(30,'2017-05-13 03:26:43',8,'丰台区万达影院',8),(31,'2017-05-13 03:26:44',8,'丰台区万达影院',8),(32,'2017-05-13 03:26:45',8,'丰台区万达影院',8),(33,'2017-05-13 03:26:45',9,'丰台区万达影院',9),(34,'2017-05-13 03:26:46',9,'丰台区万达影院',9),(35,'2017-05-13 03:26:47',9,'丰台区万达影院',9),(36,'2017-05-13 03:26:49',9,'丰台区万达影院',9),(37,'2017-05-13 03:26:58',10,'丰台区万达影院',10),(38,'2017-05-13 03:26:59',10,'丰台区万达影院',10),(39,'2017-05-13 03:27:02',10,'丰台区万达影院',10),(40,'2017-05-13 03:27:04',10,'丰台区万达影院',10),(41,'2017-05-13 03:27:06',11,'丰台区万达影院',11),(42,'2017-05-13 03:27:08',11,'丰台区万达影院',11),(43,'2017-05-13 03:27:12',11,'丰台区万达影院',11),(44,'2017-05-13 03:27:13',11,'丰台区万达影院',11),(45,'2017-05-13 03:27:17',12,'丰台区万达影院',12),(46,'2017-05-13 03:27:19',12,'丰台区万达影院',12),(47,'2017-05-13 03:27:20',12,'丰台区万达影院',12),(48,'2017-05-13 03:27:21',12,'丰台区万达影院',12),(49,'2017-05-13 03:27:22',13,'丰台区万达影院',13),(50,'2017-05-13 03:27:24',13,'丰台区万达影院',13),(51,'2017-05-13 03:27:25',13,'丰台区万达影院',13),(52,'2017-05-13 03:27:27',13,'丰台区万达影院',13),(53,'2017-05-13 03:27:28',14,'丰台区万达影院',14),(54,'2017-05-13 03:27:29',14,'丰台区万达影院',14),(55,'2017-05-13 03:27:30',14,'丰台区万达影院',14),(56,'2017-05-13 03:27:30',14,'丰台区万达影院',14),(57,'2017-05-13 03:27:31',15,'丰台区万达影院',15),(58,'2017-05-13 03:27:32',15,'丰台区万达影院',15),(59,'2017-05-13 03:27:32',15,'丰台区万达影院',15),(60,'2017-05-13 03:27:33',15,'丰台区万达影院',15),(61,'2017-05-13 03:27:33',16,'丰台区万达影院',16),(62,'2017-05-13 03:27:34',16,'丰台区万达影院',16),(63,'2017-05-13 03:27:35',16,'丰台区万达影院',16),(64,'2017-05-13 03:27:36',16,'丰台区万达影院',16);

/*Table structure for table `user` */

DROP TABLE IF EXISTS `user`;

CREATE TABLE `user` (
  `id` int(11) NOT NULL AUTO_INCREMENT,
  `username` varchar(50) DEFAULT NULL,
  `password` varchar(50) DEFAULT NULL,
  PRIMARY KEY (`id`)
) ENGINE=InnoDB AUTO_INCREMENT=23 DEFAULT CHARSET=utf8;

/*Data for the table `user` */

insert  into `user`(`id`,`username`,`password`) values (1,'admin','admin'),(2,'123','123'),(3,'333','333'),(4,'adm','admin12'),(5,'adm1','admin12'),(6,'1234','1234'),(7,'null','123'),(8,'123456789','123'),(9,'123456','123'),(10,'1234567','123'),(11,'12348','1234'),(12,'123ss4','123'),(13,'123489','1234'),(14,'18335927622','1'),(15,'123ss42323','123'),(17,'é«ç¾','321'),(18,'666','666'),(19,'',''),(20,'6666','6666'),(21,'66666','66666'),(22,'66','66');

/*!40101 SET SQL_MODE=@OLD_SQL_MODE */;
/*!40014 SET FOREIGN_KEY_CHECKS=@OLD_FOREIGN_KEY_CHECKS */;
/*!40014 SET UNIQUE_CHECKS=@OLD_UNIQUE_CHECKS */;
/*!40111 SET SQL_NOTES=@OLD_SQL_NOTES */;
